encoder_layer_size,adversarial_weight,epochs,lr,reg,dropout_rate,batch_mean,std_batch,true_mean,std_true,criteria
128,0.001,300,25,0,0.01,0.905394,0.009483,0.932012,0.004076,3.754666
128,0.001,300,10,0,0.01,0.942041,0.009428,0.938141,0.008549,3.748664
128,0.0001,300,25,0,0.01,0.958541,0.006742,0.938407,0.005938,3.733494
256,0.001,300,10,0,0.5,0.854897,0.01495,0.917204,0.010141,3.731123
128,0.0001,600,25,0,0.01,0.93617,0.006372,0.933079,0.003458,3.729225
256,0.001,300,5,0,0.01,0.990374,0.002875,0.94318,0.008255,3.725526
256,0.001,300,25,0,0.01,0.940843,0.007499,0.933259,0.00486,3.725452
256,0.0001,600,5,0,0.01,0.979262,0.005744,0.939106,0.007691,3.716268
128,0.001,300,10,0,0.5,0.886383,0.012811,0.920416,0.007445,3.715697
128,0.0001,300,10,0,0.01,0.961195,0.007618,0.934713,0.004915,3.71237
128,0.0001,300,5,0,0.01,0.967561,0.006066,0.934164,0.006693,3.703259
128,0.0001,600,10,0,0.01,0.96429,0.006459,0.932635,0.005887,3.698885
256,0.0001,300,25,0,0.01,0.969138,0.00612,0.933154,0.005029,3.696632
128,0.001,600,5,0,0.5,0.892021,0.008724,0.917446,0.01225,3.695209
256,0.0001,600,25,0,0.01,0.975664,0.005506,0.934166,0.007416,3.695166
256,0.001,600,10,0,0.5,0.887906,0.013752,0.915413,0.00683,3.689159
128,0.0001,600,5,0,0.01,0.965691,0.007571,0.929529,0.005522,3.681954
256,0.0001,300,10,0,0.01,0.971428,0.005674,0.930472,0.006216,3.680932
256,0.001,600,10,0,0.01,0.979656,0.004894,0.931362,0.009583,3.677154
256,0.0001,300,5,0,0.01,0.974071,0.00837,0.929859,0.006657,3.675224
128,0.001,600,10,0,0.01,0.96982,0.005677,0.928021,0.007785,3.670285
128,0.2,600,5,0,0.01,0.911607,0.013946,0.916072,0.008376,3.668753
256,0.001,300,10,0,0.01,0.975151,0.005832,0.927841,0.008072,3.664054
256,0.0001,600,10,0,0.01,0.977,0.005113,0.927896,0.006774,3.66248
128,0.001,600,5,0,0.01,0.955116,0.008489,0.923217,0.007373,3.660969
256,0.001,300,5,0,0.5,0.908718,0.009401,0.912617,0.008561,3.654367
128,0.001,900,5,0,0.5,0.881934,0.010215,0.905577,0.011611,3.645951
256,0.001,600,5,0,0.01,0.987513,0.005175,0.92501,0.006421,3.637537
256,0.001,900,5,0,0.5,0.914293,0.009418,0.908829,0.011957,3.629852
256,0.2,600,5,0,0.01,0.828172,0.01291,0.890428,0.008868,3.623968
128,0.2,300,5,0,0.01,0.947436,0.00637,0.908352,0.010096,3.594324
256,0.001,600,5,0,0.5,0.897853,0.008671,0.89772,0.011579,3.590747
128,0.001,600,10,0,0.5,0.949163,0.004668,0.90568,0.012384,3.579237
128,0.001,300,5,0,0.01,0.97358,0.006882,0.910189,0.012517,3.577365
256,0.01,300,5,0,0.5,0.971995,0.003853,0.901451,0.016291,3.53526
128,0.001,300,5,0,0.5,0.934197,0.006136,0.891726,0.013881,3.524433
128,0.01,600,5,0,0.5,0.962969,0.006799,0.891477,0.012933,3.494416
256,0.2,300,5,0,0.01,0.939669,0.007328,0.886778,0.0093,3.494221
128,0.2,600,10,0,0.01,0.878244,0.009066,0.873556,0.012537,3.489536
128,0.2,300,10,0,0.01,0.869461,0.010212,0.856464,0.016798,3.412859
256,0.01,900,5,0,0.5,0.985568,0.00384,0.853607,0.016214,3.282467
256,0.01,600,5,0,0.5,0.959587,0.002636,0.846917,0.015198,3.274998
128,0.2,300,25,0,0.01,0.934837,0.01062,0.83643,0.018452,3.247313
256,0.2,600,10,0,0.01,0.949395,0.007174,0.837151,0.017234,3.23636
128,0.01,300,5,0,0.5,0.979251,0.003767,0.831762,0.01963,3.179559
128,0.1,900,5,0,0.5,0.804065,0.016723,0.794046,0.015101,3.166165
256,0.01,300,10,0,0.5,0.816026,0.017126,0.790839,0.011574,3.138169
256,0.01,600,10,0,0.5,0.913541,0.014328,0.800642,0.020477,3.089669
256,0.2,300,10,0,0.01,0.945565,0.004563,0.786741,0.020568,2.98814
128,0.01,900,5,0,0.5,0.942426,0.006066,0.784213,0.020717,2.978639
256,0.2,300,25,0,0.01,0.92141,0.011901,0.755893,0.021092,2.858055
128,0.1,300,10,0,0.5,0.700901,0.018195,0.63936,0.039676,2.495899
256,0.1,600,5,0,0.5,0.563959,0.034138,0.585473,0.031786,2.363406
256,0.1,300,10,0,0.5,0.834829,0.013765,0.609595,0.042552,2.213146
128,0.01,300,10,0,0.5,0.985803,0.002975,0.634684,0.025396,2.187617
128,0.1,300,5,0,0.5,0.837892,0.017769,0.602006,0.036314,2.172138
128,0.01,600,10,0,0.5,0.90091,0.014152,0.611517,0.030401,2.156675
128,0.1,600,5,0,0.5,0.641732,0.025598,0.544258,0.035253,2.079558
256,0.1,300,5,0,0.5,0.780487,0.022774,0.571767,0.034781,2.078348
256,0.1,900,5,0,0.5,0.670003,0.026165,0.541335,0.030673,2.036672
128,0.1,600,10,0,0.5,0.771578,0.019081,0.549105,0.034114,1.973947
256,0.001,400,5,0.0,0.5,0.918388,0.010288,0.911412,0.009579,3.638670
128,0.01,400,5,0.0,0.5,0.956308,0.008586,0.846222,0.020288,3.274804
256,0.01,400,5,0.0,0.5,0.970026,0.005140,0.886622,0.010546,3.463082
128,0.0001,400,5,0.0,0.5,0.793729,0.013357,0.907134,0.015330,3.741941
256,0.0001,400,5,0.0,0.5,0.809345,0.018592,0.911341,0.010861,3.747358
128,0.001,400,10,0.0,0.5,0.876995,0.016118,0.906046,0.014897,3.653233
256,0.001,400,10,0.0,0.5,0.826977,0.010749,0.930487,0.012951,3.825456
128,0.01,400,10,0.0,0.5,0.953410,0.007515,0.807995,0.020930,3.086567
256,0.01,400,10,0.0,0.5,0.911187,0.008273,0.907234,0.013964,3.624982
128,0.001,400,5,0.0,0.1,0.947063,0.007632,0.931556,0.008921,3.710718
256,0.001,400,5,0.0,0.1,0.980213,0.003658,0.921621,0.008126,3.627894
128,0.01,400,5,0.0,0.1,0.973412,0.005425,0.878524,0.011428,3.419211
256,0.01,400,5,0.0,0.1,0.951043,0.006342,0.901406,0.011436,3.555986
128,0.001,400,5,0.0,0.1,0.977904,0.004785,0.920001,0.012059,3.622100
256,0.001,400,5,0.0,0.1,0.944998,0.009060,0.928482,0.010281,3.697411
128,0.01,400,5,0.0,0.1,0.963109,0.006410,0.834808,0.016935,3.210930
256,0.01,400,5,0.0,0.1,0.976360,0.004251,0.875707,0.012049,3.402174
128,0.05,400,5,0.0,0.1,0.869682,0.010575,0.868881,0.019214,3.474724
256,0.05,400,5,0.0,0.1,0.869069,0.006216,0.802677,0.014920,3.144316
128,0.001,400,5,0.0,0.01,0.977000,0.003984,0.931877,0.009531,3.682387
256,0.001,400,5,0.0,0.01,0.976613,0.004295,0.938051,0.004758,3.713640
128,0.01,400,5,0.0,0.01,0.992676,0.001401,0.915190,0.007200,3.583272
256,0.01,400,5,0.0,0.01,0.972855,0.003986,0.897636,0.012967,3.515327
128,0.05,400,5,0.0,0.01,0.929601,0.012310,0.895985,0.008352,3.550326
256,0.05,400,5,0.0,0.01,0.921526,0.008545,0.879435,0.014398,3.475651
128,0.001,400,5,0.0,0.5,0.923778,0.009413,0.911609,0.011228,3.634269
256,0.001,400,5,0.0,0.5,0.946887,0.006528,0.911427,0.012958,3.610248
128,0.01,400,5,0.0,0.5,0.990793,0.002903,0.914165,0.014479,3.580034
256,0.01,400,5,0.0,0.5,0.921735,0.008233,0.661529,0.031340,2.385912
128,0.05,400,5,0.0,0.5,0.773798,0.022578,0.589955,0.032495,2.175979
256,0.05,400,5,0.0,0.5,0.808193,0.022206,0.564225,0.044316,2.012930
128,0.001,400,10,0.0,0.1,0.953071,0.006621,0.926533,0.009175,3.679593
256,0.001,400,10,0.0,0.1,0.922246,0.015132,0.929480,0.009736,3.725152
128,0.01,400,10,0.0,0.1,0.875061,0.012248,0.853281,0.014982,3.391343
256,0.01,400,10,0.0,0.1,0.954627,0.006977,0.878576,0.010325,3.438252
128,0.05,400,10,0.0,0.1,0.962137,0.005002,0.854752,0.017003,3.311622
256,0.05,400,10,0.0,0.1,0.870829,0.013114,0.657838,0.017736,2.418361
128,0.001,400,10,0.0,0.01,0.961042,0.007786,0.929115,0.009182,3.684535
256,0.001,400,10,0.0,0.01,0.961813,0.006170,0.925565,0.008407,3.666010
128,0.01,400,10,0.0,0.01,0.967686,0.004429,0.880300,0.009986,3.433814
256,0.01,400,10,0.0,0.01,0.931823,0.006723,0.817122,0.022975,3.153788
128,0.05,400,10,0.0,0.01,0.891564,0.013054,0.841869,0.017300,3.317783
256,0.05,400,10,0.0,0.01,0.945375,0.005894,0.836323,0.020678,3.236238
128,0.001,400,10,0.0,0.5,0.896075,0.017816,0.909365,0.009591,3.650750
256,0.001,400,10,0.0,0.5,0.853727,0.016444,0.926018,0.008397,3.776363
128,0.01,400,10,0.0,0.5,0.958287,0.004387,0.865744,0.014136,3.370435
256,0.01,400,10,0.0,0.5,0.641795,0.016115,0.541006,0.031985,2.063233
128,0.05,400,10,0.0,0.5,0.824841,0.016906,0.618958,0.031776,2.269948
256,0.05,400,10,0.0,0.5,0.790550,0.018412,0.582312,0.031476,2.121009
128,0.001,400,15,0.0,0.1,0.946482,0.012323,0.930462,0.006112,3.705827
256,0.001,400,15,0.0,0.1,0.923752,0.009701,0.931192,0.007057,3.732209
128,0.01,400,15,0.0,0.1,0.916498,0.009572,0.826406,0.018927,3.215531
256,0.01,400,15,0.0,0.1,0.882774,0.010111,0.671531,0.024156,2.474881
128,0.05,400,15,0.0,0.1,0.922934,0.006461,0.810579,0.017256,3.129962
256,0.05,400,15,0.0,0.1,0.886406,0.009530,0.679111,0.024741,2.509151
128,0.001,400,15,0.0,0.01,0.955056,0.007570,0.931277,0.009312,3.701331
256,0.001,400,15,0.0,0.01,0.939948,0.009445,0.928579,0.008278,3.702948
128,0.01,400,15,0.0,0.01,0.924377,0.009172,0.866617,0.015469,3.408706
256,0.01,400,15,0.0,0.01,0.912397,0.013711,0.820126,0.011505,3.188233
128,0.05,400,15,0.0,0.01,0.905666,0.011545,0.820747,0.012226,3.198070
256,0.05,400,15,0.0,0.01,0.912823,0.007144,0.812944,0.016070,3.151897
128,0.001,400,15,0.0,0.5,0.845204,0.013739,0.917436,0.010181,3.741979
256,0.001,400,15,0.0,0.5,0.828078,0.017364,0.924779,0.006045,3.795817
128,0.01,400,15,0.0,0.5,0.906789,0.008938,0.690679,0.032654,2.546604
256,0.01,400,15,0.0,0.5,0.855373,0.012190,0.612046,0.038155,2.204858
128,0.05,400,15,0.0,0.5,0.818752,0.018100,0.572848,0.031302,2.045487
256,0.05,400,15,0.0,0.5,0.804320,0.018125,0.585388,0.027295,2.122620
128,0.001,400,5,0.001,0.1,0.798558,0.020533,0.898950,0.008468,3.696191
256,0.001,400,5,0.001,0.1,0.765353,0.026184,0.901898,0.010105,3.744136
128,0.01,400,5,0.001,0.1,0.909490,0.010005,0.860805,0.011444,3.394536
256,0.01,400,5,0.001,0.1,0.856964,0.011230,0.846236,0.016617,3.374218
128,0.05,400,5,0.001,0.1,0.839267,0.014440,0.840922,0.018598,3.365341
256,0.05,400,5,0.001,0.1,0.812284,0.012107,0.874684,0.012732,3.561137
128,0.001,400,5,0.001,0.01,0.816861,0.018548,0.914295,0.012749,3.754616
256,0.001,400,5,0.001,0.01,0.777816,0.017439,0.901738,0.008350,3.730872
128,0.01,400,5,0.001,0.01,0.907956,0.011996,0.903196,0.006394,3.608022
256,0.01,400,5,0.001,0.01,0.899868,0.011732,0.914342,0.007554,3.671840
128,0.05,400,5,0.001,0.01,0.893644,0.005728,0.904655,0.010330,3.629629
256,0.05,400,5,0.001,0.01,0.910368,0.009547,0.885484,0.016807,3.517053
128,0.001,400,5,0.001,0.5,0.791191,0.027089,0.900823,0.011417,3.712923
256,0.001,400,5,0.001,0.5,0.776482,0.020032,0.903163,0.007531,3.739331
128,0.01,400,5,0.001,0.5,0.946637,0.006278,0.868362,0.015647,3.395170
256,0.01,400,5,0.001,0.5,0.951152,0.007073,0.895119,0.013870,3.524444
128,0.05,400,5,0.001,0.5,0.857483,0.006596,0.769864,0.022819,2.991838
256,0.05,400,5,0.001,0.5,0.628383,0.026122,0.549509,0.031556,2.119163
128,0.001,400,10,0.001,0.1,0.757842,0.024025,0.907367,0.010933,3.778993
256,0.001,400,10,0.001,0.1,0.769787,0.021176,0.907387,0.012254,3.767148
128,0.01,400,10,0.001,0.1,0.841545,0.008285,0.750025,0.020391,2.908579
256,0.01,400,10,0.001,0.1,0.954924,0.004846,0.669909,0.030314,2.394618
128,0.05,400,10,0.001,0.1,0.825234,0.010244,0.788383,0.018049,3.116679
256,0.05,400,10,0.001,0.1,0.898419,0.013429,0.676193,0.035436,2.482547
128,0.001,400,10,0.001,0.01,0.792818,0.015898,0.910335,0.010203,3.758857
256,0.001,400,10,0.001,0.01,0.785469,0.021845,0.908081,0.007882,3.754937
128,0.01,400,10,0.001,0.01,0.926072,0.011316,0.790979,0.013726,3.028825
256,0.01,400,10,0.001,0.01,0.915491,0.009100,0.806476,0.019853,3.116891
128,0.05,400,10,0.001,0.01,0.945537,0.008695,0.856726,0.015227,3.338094
256,0.05,400,10,0.001,0.01,0.931023,0.008570,0.796452,0.021732,3.051236
256,0.001,400,10,0.001,0.5,0.775883,0.024124,0.908779,0.007118,3.768009
128,0.01,400,10,0.001,0.5,0.796543,0.018377,0.596143,0.023986,2.184174
256,0.01,400,10,0.001,0.5,0.649759,0.024998,0.553041,0.023379,2.115447
128,0.05,400,10,0.001,0.5,0.754727,0.022228,0.564566,0.045973,2.068104
256,0.05,400,10,0.001,0.5,0.643900,0.023685,0.550136,0.025517,2.106782
128,0.001,400,15,0.001,0.1,0.748313,0.025783,0.906337,0.011553,3.783371
128,0.002,400,5,0.0001,0.1,0.992229,0.001846,0.908155,0.011630,3.548546
256,0.002,400,5,0.0001,0.1,0.994399,0.001981,0.914518,0.015865,3.578191
128,0.02,400,5,0.0001,0.1,0.969022,0.005182,0.871230,0.016249,3.387126
256,0.02,400,5,0.0001,0.1,0.911188,0.008344,0.849283,0.016703,3.335225
128,0.005,400,5,0.0001,0.1,0.989028,0.003550,0.908998,0.012048,3.555960
256,0.005,400,5,0.0001,0.1,0.981840,0.002767,0.890088,0.010476,3.468601
128,0.002,400,5,0.0001,0.2,0.993266,0.001619,0.902989,0.012501,3.521678
256,0.002,400,5,0.0001,0.2,0.993404,0.002327,0.899877,0.013321,3.505982
128,0.02,400,5,0.0001,0.2,0.929677,0.010397,0.839106,0.015079,3.265853
256,0.02,400,5,0.0001,0.2,0.851940,0.016441,0.641806,0.041484,2.357091
128,0.005,400,5,0.0001,0.2,0.982412,0.004299,0.891318,0.014183,3.474176
256,0.005,400,5,0.0001,0.2,0.982398,0.003764,0.883111,0.011132,3.433157
128,0.002,400,5,0.0001,0.5,0.953336,0.009956,0.916729,0.008286,3.630308
256,0.002,400,5,0.0001,0.5,0.885092,0.018619,0.915540,0.011423,3.692607
128,0.02,400,5,0.0001,0.5,0.953425,0.007965,0.859185,0.011498,3.342502
256,0.02,400,5,0.0001,0.5,0.664613,0.022672,0.554169,0.032082,2.106230
128,0.005,400,5,0.0001,0.5,0.965954,0.005667,0.820329,0.023576,3.135691
256,0.005,400,5,0.0001,0.5,0.943208,0.008631,0.883310,0.016815,3.473341
128,0.002,400,10,0.0001,0.1,0.937007,0.007870,0.906624,0.009442,3.596112
256,0.002,400,10,0.0001,0.1,0.921315,0.012607,0.925879,0.012904,3.708081
128,0.02,400,10,0.0001,0.1,0.929824,0.007411,0.785194,0.023261,2.996145
256,0.02,400,10,0.0001,0.1,0.911811,0.009233,0.759551,0.028901,2.885943
128,0.005,400,10,0.0001,0.1,0.894953,0.009689,0.852773,0.015401,3.368912
256,0.005,400,10,0.0001,0.1,0.927754,0.011829,0.867523,0.019182,3.409860
128,0.002,400,10,0.0001,0.2,0.979267,0.004490,0.920352,0.011195,3.622495
256,0.002,400,10,0.0001,0.2,0.933585,0.008602,0.935557,0.009639,3.744200
128,0.02,400,10,0.0001,0.2,0.892334,0.010180,0.790839,0.014185,3.061860
256,0.02,400,10,0.0001,0.2,0.671093,0.016686,0.558071,0.030874,2.119259
128,0.005,400,10,0.0001,0.2,0.964446,0.005068,0.881206,0.010502,3.441586
256,0.005,400,10,0.0001,0.2,0.855623,0.014927,0.808368,0.024829,3.186216
128,0.002,400,10,0.0001,0.5,0.963276,0.007039,0.907837,0.011391,3.575909
256,0.002,400,10,0.0001,0.5,0.791371,0.016945,0.923308,0.007267,3.825172
128,0.02,400,10,0.0001,0.5,0.665527,0.017975,0.531326,0.028850,1.991101
256,0.02,400,10,0.0001,0.5,0.824137,0.013087,0.596216,0.038428,2.156941
128,0.005,400,10,0.0001,0.5,0.949409,0.006860,0.900848,0.008541,3.554830
256,0.005,400,10,0.0001,0.5,0.959649,0.005717,0.853787,0.018001,3.309286
128,0.002,400,15,0.0001,0.1,0.877298,0.017042,0.929277,0.007419,3.769086
256,0.002,400,15,0.0001,0.1,0.950711,0.008641,0.932642,0.009429,3.712501
128,0.02,400,15,0.0001,0.1,0.902614,0.013799,0.677556,0.025161,2.485166
256,0.02,400,15,0.0001,0.1,0.891024,0.014287,0.689926,0.025344,2.558605
128,0.005,400,15,0.0001,0.1,0.924010,0.010597,0.830973,0.019471,3.230857
256,0.005,400,15,0.0001,0.1,0.884646,0.010848,0.929960,0.009705,3.765152
128,0.002,400,15,0.0001,0.2,0.796492,0.017785,0.930881,0.009706,3.857912
256,0.002,400,15,0.0001,0.2,0.911438,0.010425,0.930563,0.006924,3.741378
128,0.02,400,15,0.0001,0.2,0.906441,0.009261,0.605286,0.031950,2.119990
256,0.02,400,15,0.0001,0.2,0.878249,0.009017,0.651159,0.019102,2.377548
128,0.005,400,15,0.0001,0.2,0.777941,0.013903,0.926958,0.006506,3.856850
256,0.005,400,15,0.0001,0.2,0.793603,0.013004,0.926476,0.013461,3.838775
128,0.002,400,15,0.0001,0.5,0.906597,0.011879,0.907775,0.007779,3.632276
256,0.002,400,15,0.0001,0.5,0.772302,0.026483,0.917828,0.004963,3.816836
128,0.02,400,15,0.0001,0.5,0.667030,0.025907,0.549922,0.028314,2.082579
256,0.02,400,15,0.0001,0.5,0.823137,0.014422,0.579290,0.042989,2.073311
128,0.005,400,15,0.0001,0.5,0.943671,0.013569,0.891076,0.011292,3.511710
256,0.005,400,15,0.0001,0.5,0.913763,0.014753,0.860344,0.010236,3.387955
128,0.002,400,5,0.001,0.1,0.902874,0.013061,0.923123,0.014341,3.712740
256,0.002,400,5,0.001,0.1,0.905975,0.013051,0.917728,0.010061,3.682663
128,0.02,400,5,0.001,0.1,0.897566,0.010166,0.860824,0.015680,3.406553
256,0.02,400,5,0.001,0.1,0.881671,0.007669,0.842015,0.018984,3.328404
128,0.005,400,5,0.001,0.1,0.936192,0.006431,0.913388,0.004255,3.630745
256,0.005,400,5,0.001,0.1,0.941418,0.010466,0.922814,0.009395,3.672653
128,0.002,400,5,0.001,0.2,0.918277,0.008241,0.903408,0.011721,3.598762
256,0.002,400,5,0.001,0.2,0.834791,0.018144,0.894899,0.009327,3.639706
128,0.02,400,5,0.001,0.2,0.886575,0.015079,0.874005,0.018291,3.483452
256,0.02,400,5,0.001,0.2,0.799039,0.019971,0.711243,0.024506,2.757176
128,0.005,400,5,0.001,0.2,0.905567,0.007500,0.879741,0.008206,3.493136
256,0.005,400,5,0.001,0.2,0.939708,0.009376,0.880963,0.008491,3.465108
