"NoBatch","Batch","Batch1","Batch2","Batch3","ComBat","Avg","n_Avg","CS_Avg","Reg_a","Reg_s"
0.667763157894737,0.5,0.696606648199447,0.5,0.5,0.688400277008311,0.696606648199447,0.696606648199447,0.696606648199447,0.696606648199447,0.696606648199447
0.682963988919669,0.5,0.692763157894736,0.5,0.5,0.68538781163435,0.692763157894736,0.692763157894736,0.5,0.692763157894736,0.692763157894736
0.66073407202216,0.681959833795014,0.624515235457064,0.5,0.5,0.657236842105264,0.624515235457064,0.624515235457064,0.624515235457064,0.624515235457064,0.624515235457064
0.674411357340719,0.66128808864266,0.643040166204986,0.5,0.5,0.696883656509695,0.643040166204986,0.643040166204986,0.643040166204986,0.643040166204986,0.643040166204986
0.674861495844876,0.687915512465374,0.625796398891967,0.5,0.5,0.663054016620499,0.625796398891967,0.625796398891967,0.625796398891967,0.625796398891967,0.625796398891967
0.681440443213296,0.5,0.639473684210527,0.5,0.48573407202216,0.681821329639889,0.641828254847646,0.641828254847646,0.639473684210527,0.639473684210527,0.639473684210527
0.694702216066483,0.684418282548476,0.68573407202216,0.692486149584487,0.5,0.694563711911357,0.694529085872577,0.694529085872577,0.698614958448755,0.695533240997231,0.692970914127423
0.707202216066481,0.676246537396122,0.617174515235457,0.700103878116345,0.5,0.707652354570637,0.656336565096954,0.656336565096954,0.700103878116345,0.66963296398892,0.654709141274239
0.653601108033242,0.679016620498615,0.650207756232687,0.654362880886426,0.483518005540166,0.681925207756233,0.670394736842106,0.670394736842106,0.627112188365651,0.646952908587257,0.650138504155125
0.669321329639889,0.688677285318559,0.665408587257618,0.5,0.5,0.657409972299169,0.665408587257618,0.665408587257618,0.665408587257618,0.665408587257618,0.665408587257618
0.682548476454293,0.658691135734072,0.65536703601108,0.5,0.629951523545707,0.5,0.657063711911357,0.657063711911357,0.655851800554017,0.654986149584488,0.65536703601108
0.686253462603879,0.686495844875347,0.621260387811634,0.5,0.654328254847646,0.5,0.630713296398891,0.630713296398891,0.621260387811634,0.621260387811634,0.621260387811634
0.664854570637119,0.650865650969528,0.667832409972299,0.53095567867036,0.5,0.664716066481995,0.628462603878116,0.628462603878116,0.595914127423823,0.665858725761773,0.667832409972299
0.671641274238227,0.5,0.618213296398892,0.5,0.5,0.660734072022161,0.618213296398892,0.618213296398892,0.618213296398892,0.618213296398892,0.618213296398892
0.671225761772854,0.661807479224377,0.703185595567867,0.599584487534626,0.5,0.656059556786703,0.702042936288089,0.702042936288089,0.599584487534626,0.703220221606648,0.703185595567867
0.649861495844876,0.679501385041551,0.64639889196676,0.50564404432133,0.5,0.650311634349031,0.641932132963988,0.641932132963988,0.645775623268699,0.645013850415513,0.646052631578948
0.670429362880887,0.631440443213296,0.648372576177285,0.5,0.5,0.695740997229917,0.648372576177285,0.648372576177285,0.5,0.648372576177285,0.648372576177285
0.683171745152355,0.697368421052631,0.655990304709141,0.578601108033241,0.5,0.699653739612189,0.657132963988921,0.657132963988921,0.578601108033241,0.656890581717453,0.656440443213297
0.686634349030471,0.668698060941829,0.693836565096952,0.5,0.599065096952909,0.693940443213298,0.6875,0.6875,0.599065096952909,0.687984764542937,0.690927977839335
0.674203601108034,0.680020775623269,0.674584487534627,0.494909972299168,0.60148891966759,0.667797783933517,0.672264542936288,0.672264542936288,0.669875346260388,0.67351108033241,0.674584487534627
0.678912742382272,0.671606648199446,0.704259002770084,0.5,0.5,0.695152354570637,0.704259002770084,0.704259002770084,0.704259002770084,0.704259002770084,0.704259002770084
0.654259002770082,0.6726108033241,0.656128808864266,0.5,0.5,0.685214681440443,0.656128808864266,0.656128808864266,0.656128808864266,0.656128808864266,0.656128808864266
0.682098337950139,0.692867036011079,0.680020775623268,0.558310249307479,0.483518005540166,0.683587257617729,0.67378808864266,0.67378808864266,0.509349030470914,0.676731301939059,0.678981994459833
0.686703601108033,0.68569944598338,0.637846260387812,0.5,0.5,0.710422437673131,0.637846260387812,0.637846260387812,0.637846260387812,0.637846260387812,0.637846260387812
0.666932132963989,0.68573407202216,0.619286703601109,0.5,0.5,0.672299168975069,0.619286703601109,0.619286703601109,0.619286703601109,0.619286703601109,0.619286703601109
0.645948753462603,0.5,0.670463988919668,0.5,0.63005540166205,0.672610803324101,0.678601108033241,0.678601108033241,0.678635734072021,0.677250692520776,0.670256232686981
0.684729916897508,0.693871191135735,0.685560941828256,0.5,0.5,0.694563711911357,0.685560941828256,0.685560941828256,0.5,0.685560941828256,0.685560941828256
0.6696675900277,0.69639889196676,0.680886426592798,0.5,0.5,0.692590027700833,0.680886426592798,0.680886426592798,0.680886426592798,0.680886426592798,0.680886426592798
0.685941828254848,0.671918282548477,0.651177285318559,0.5,0.5,0.709937673130194,0.651177285318559,0.651177285318559,0.5,0.651177285318559,0.651177285318559
0.678081717451525,0.5,0.695983379501386,0.635872576177285,0.5,0.685076177285319,0.696191135734073,0.696191135734073,0.635872576177285,0.695429362880887,0.695983379501386
0.700346260387812,0.69792243767313,0.68424515235457,0.604224376731303,0.5,0.699757617728532,0.673511080332411,0.673511080332411,0.604224376731303,0.675450138504156,0.672472299168976
0.681198060941829,0.669909972299169,0.644078947368422,0.5,0.5,0.684833795013849,0.644078947368422,0.644078947368422,0.5,0.644078947368422,0.644078947368422
0.681128808864268,0.656821329639889,0.686495844875347,0.5,0.5,0.702770083102494,0.686495844875347,0.686495844875347,0.686495844875347,0.686495844875347,0.686495844875347
0.668386426592798,0.5,0.638885041551246,0.5,0.5,0.6808864265928,0.638885041551246,0.638885041551246,0.5,0.638885041551246,0.638885041551246
0.684175900277009,0.679813019390583,0.678185595567868,0.5,0.5,0.5,0.678185595567868,0.678185595567868,0.678185595567868,0.678185595567868,0.678185595567868
0.680782548476455,0.680921052631578,0.663434903047091,0.685353185595567,0.5,0.679709141274239,0.683795013850417,0.683795013850417,0.680090027700831,0.677839335180056,0.683725761772855
0.688123268698061,0.672506925207755,0.67617728531856,0.5,0.5,0.688192520775623,0.67617728531856,0.67617728531856,0.67617728531856,0.67617728531856,0.67617728531856
0.682306094182826,0.632548476454292,0.701835180055402,0.5,0.5,0.682929362880887,0.701835180055402,0.701835180055402,0.701835180055402,0.701835180055402,0.701835180055402
0.673337950138505,0.65446675900277,0.687015235457063,0.570740997229917,0.5,0.688296398891966,0.681544321329639,0.681544321329639,0.570740997229917,0.683968144044321,0.685768698060941
0.690373961218835,0.682513850415513,0.661980609418283,0.562326869806095,0.5,0.695117728531857,0.663573407202216,0.663573407202216,0.661980609418283,0.663365650969529,0.662119113573408
0.658414127423822,0.682652354570637,0.601939058171746,0.5,0.5,0.637049861495845,0.601939058171746,0.601939058171746,0.601939058171746,0.601939058171746,0.601939058171746
0.673580332409973,0.668732686980608,0.676281163434904,0.573891966759003,0.5,0.702216066481996,0.669771468144044,0.669771468144044,0.67562326869806,0.674480609418282,0.676558171745152
0.68154432132964,0.683691135734073,0.693698060941829,0.5,0.5,0.667590027700832,0.693698060941829,0.693698060941829,0.693698060941829,0.693698060941829,0.693698060941829
0.687534626038781,0.686288088642659,0.651315789473684,0.5,0.579951523545706,0.686149584487534,0.645152354570638,0.645152354570638,0.651315789473684,0.652250692520775,0.652216066481994
0.682513850415512,0.666516620498614,0.656786703601108,0.638815789473684,0.5,0.699930747922438,0.662084487534626,0.662084487534626,0.662119113573407,0.662015235457064,0.656786703601108
0.678358725761773,0.696433518005541,0.632756232686981,0.5,0.5,0.675311634349031,0.632756232686981,0.632756232686981,0.5,0.632756232686981,0.632756232686981
0.693801939058172,0.667797783933518,0.670186980609418,0.599584487534626,0.5,0.697991689750693,0.670637119113574,0.670637119113574,0.669252077562328,0.670948753462604,0.670256232686981
0.683171745152354,0.672160664819945,0.651246537396122,0.5,0.5,0.5,0.651246537396122,0.651246537396122,0.5,0.651246537396122,0.651246537396122
0.677839335180056,0.677700831024932,0.555782548476455,0.5,0.5,0.688434903047091,0.555782548476455,0.555782548476455,0.555782548476455,0.555782548476455,0.555782548476455
0.687707756232686,0.677804709141275,0.580228531855957,0.661253462603878,0.5,0.684037396121885,0.609349030470915,0.609349030470915,0.661253462603878,0.614127423822715,0.588988919667591
0.686495844875347,0.674549861495844,0.680401662049861,0.5,0.5,0.716239612188364,0.680401662049861,0.680401662049861,0.5,0.680401662049861,0.680401662049861
0.684868421052632,0.690027700831026,0.649515235457064,0.677112188365652,0.5,0.653324099722991,0.655851800554017,0.655851800554017,0.677112188365652,0.652804709141274,0.650796398891967
0.673337950138504,0.684002770083104,0.631336565096953,0.663954293628808,0.5,0.687984764542937,0.645879501385041,0.645879501385041,0.63926592797784,0.638123268698062,0.632652354570638
0.66634349030471,0.5,0.673580332409972,0.604709141274238,0.5,0.693490304709142,0.67558864265928,0.67558864265928,0.673580332409972,0.673580332409972,0.673580332409972
0.67472299168975,0.5,0.658379501385042,0.544009695290859,0.5,0.693801939058173,0.633898891966759,0.633898891966759,0.544009695290859,0.651869806094183,0.65713296398892
0.665304709141274,0.680713296398892,0.624203601108033,0.5,0.5,0.641031855955679,0.624203601108033,0.624203601108033,0.624203601108033,0.624203601108033,0.624203601108033
0.668905817174515,0.693282548476454,0.636738227146814,0.5,0.5,0.661668975069252,0.636738227146814,0.636738227146814,0.636738227146814,0.636738227146814,0.636738227146814
0.681128808864266,0.646918282548476,0.635664819944599,0.5,0.5,0.682202216066482,0.635664819944599,0.635664819944599,0.5,0.635664819944599,0.635664819944599
0.670256232686981,0.654916897506925,0.644529085872576,0.5,0.5,0.630263157894737,0.644529085872576,0.644529085872576,0.644529085872576,0.644529085872576,0.644529085872576
0.666516620498615,0.664058171745153,0.637707756232685,0.5,0.5,0.669390581717451,0.637707756232685,0.637707756232685,0.5,0.637707756232685,0.637707756232685
0.676142659279778,0.676558171745152,0.676385041551247,0.5,0.5,0.673130193905818,0.676385041551247,0.676385041551247,0.5,0.676385041551247,0.676385041551247
0.667693905817173,0.5,0.657721606648199,0.546052631578947,0.5,0.675727146814404,0.645152354570637,0.645152354570637,0.546052631578947,0.653601108033241,0.632860110803324
0.678808864265927,0.677873961218837,0.662569252077562,0.591516620498615,0.5,0.685353185595567,0.665824099722991,0.665824099722991,0.662569252077562,0.663469529085872,0.662569252077562
0.673234072022161,0.673407202216067,0.644598337950138,0.687257617728532,0.5,0.677770083102492,0.662915512465375,0.662915512465375,0.669598337950138,0.64733379501385,0.644598337950138
0.674722991689751,0.683414127423822,0.602943213296399,0.5,0.5,0.687257617728531,0.602943213296399,0.602943213296399,0.602943213296399,0.602943213296399,0.602943213296399
0.670083102493075,0.6601108033241,0.627423822714682,0.615235457063712,0.5,0.646087257617729,0.628047091412742,0.628047091412742,0.627804709141275,0.628497229916897,0.627908587257618
0.684314404432133,0.5,0.682756232686981,0.670117728531855,0.5,0.687396121883657,0.68628808864266,0.68628808864266,0.685699445983379,0.683587257617729,0.682721606648199
0.665512465373961,0.5,0.668109418282549,0.5,0.5,0.665304709141273,0.668109418282549,0.668109418282549,0.5,0.668109418282549,0.668109418282549
0.683171745152356,0.69792243767313,0.669390581717451,0.5,0.594909972299169,0.698614958448753,0.66097645429363,0.66097645429363,0.663331024930748,0.666308864265928,0.667451523545706
0.640893351800553,0.677181440443214,0.665997229916898,0.631648199445984,0.5,0.602112188365652,0.678497229916898,0.678497229916898,0.675796398891968,0.678601108033241,0.665997229916898
0.663850415512466,0.695152354570638,0.595013850415513,0.5,0.5,0.629120498614958,0.595013850415513,0.595013850415513,0.595013850415513,0.595013850415513,0.595013850415513
0.692901662049862,0.659072022160665,0.621295013850416,0.577112188365651,0.5,0.663919667590028,0.606509695290859,0.606509695290859,0.621295013850416,0.610976454293629,0.613642659279779
0.684072022160665,0.680851800554017,0.66516620498615,0.623337950138503,0.5,0.702908587257619,0.665200831024931,0.665200831024931,0.66516620498615,0.66516620498615,0.66516620498615
0.681682825484765,0.5,0.668144044321328,0.693213296398893,0.5,0.685664819944598,0.681094182825484,0.681094182825484,0.68095567867036,0.669944598337949,0.670429362880885
0.664231301939058,0.687292243767313,0.627423822714682,0.5,0.621295013850417,0.692520775623268,0.639854570637118,0.639854570637118,0.635457063711912,0.630505540166205,0.627423822714682
0.691204986149585,0.68064404432133,0.623753462603879,0.611599722991691,0.5,0.706232686980609,0.635907202216067,0.635907202216067,0.611599722991691,0.633691135734073,0.634937673130195
0.679882271468143,0.690062326869807,0.617105263157895,0.5,0.5,0.672922437673131,0.617105263157895,0.617105263157895,0.5,0.617105263157895,0.617105263157895
0.677493074792244,0.687534626038781,0.642313019390583,0.566308864265928,0.5,0.688469529085873,0.636530470914127,0.636530470914127,0.642313019390583,0.641481994459835,0.642313019390583
0.674584487534628,0.684002770083102,0.654328254847646,0.609729916897507,0.5,0.685387811634349,0.65204293628809,0.65204293628809,0.650519390581718,0.656752077562327,0.635768698060942
0.667936288088642,0.686461218836566,0.593836565096952,0.5,0.5,0.688331024930748,0.593836565096952,0.593836565096952,0.593836565096952,0.593836565096952,0.593836565096952
0.66426592797784,0.679951523545708,0.661253462603879,0.614594875346261,0.5,0.680990304709141,0.663227146814405,0.663227146814405,0.661253462603879,0.661322714681441,0.661253462603879
0.668317174515237,0.686876731301939,0.653185595567867,0.5,0.5,0.679605263157895,0.653185595567867,0.653185595567867,0.5,0.653185595567867,0.653185595567867
0.674930747922438,0.683587257617728,0.672818559556786,0.622195290858725,0.5,0.664508310249307,0.683691135734073,0.683691135734073,0.675415512465373,0.677458448753462,0.672818559556786
0.690131578947369,0.657236842105264,0.683171745152355,0.5,0.5,0.710006925207756,0.683171745152355,0.683171745152355,0.5,0.683171745152355,0.683171745152355
0.686738227146815,0.671883656509696,0.701765927977839,0.529536011080332,0.5,0.666239612188367,0.699688365650969,0.699688365650969,0.701765927977839,0.701177285318558,0.701523545706371
0.639439058171746,0.5,0.659972299168974,0.5,0.5,0.579986149584489,0.659972299168974,0.659972299168974,0.5,0.659972299168974,0.659972299168974
0.67621191135734,0.5,0.679362880886428,0.5,0.5,0.667001385041551,0.679362880886428,0.679362880886428,0.679362880886428,0.679362880886428,0.679362880886428
0.701211911357341,0.687915512465374,0.660457063711912,0.609626038781163,0.5,0.711634349030471,0.654155124653739,0.654155124653739,0.66069944598338,0.660457063711912,0.660457063711912
0.66578947368421,0.683483379501385,0.659072022160665,0.5,0.5,0.668628808864266,0.659072022160665,0.659072022160665,0.5,0.659072022160665,0.659072022160665
0.672160664819945,0.673130193905817,0.607790858725762,0.5,0.5,0.657583102493075,0.607790858725762,0.607790858725762,0.5,0.607790858725762,0.607790858725762
0.675207756232687,0.670083102493074,0.623407202216067,0.5,0.5,0.696156509695292,0.623407202216067,0.623407202216067,0.623407202216067,0.623407202216067,0.623407202216067
0.697299168975069,0.67171052631579,0.688850415512465,0.5,0.659175900277009,0.720360110803324,0.693698060941828,0.693698060941828,0.690270083102494,0.688850415512465,0.688850415512465
0.695117728531856,0.685872576177286,0.686426592797786,0.5,0.5,0.685387811634349,0.686426592797786,0.686426592797786,0.686426592797786,0.686426592797786,0.686426592797786
0.662430747922438,0.653324099722991,0.619459833795014,0.5,0.5,0.655193905817174,0.619459833795014,0.619459833795014,0.619459833795014,0.619459833795014,0.619459833795014
0.676662049861496,0.654051246537396,0.634556786703602,0.530401662049862,0.5,0.701281163434903,0.623718836565097,0.623718836565097,0.605090027700832,0.632894736842107,0.634556786703602
0.688365650969529,0.681959833795015,0.604397506925208,0.707652354570637,0.5,0.694252077562328,0.62413434903047,0.62413434903047,0.707652354570637,0.614265927977839,0.606301939058171
0.681544321329641,0.681059556786703,0.654743767313019,0.5,0.5,0.685699445983379,0.654743767313019,0.654743767313019,0.654743767313019,0.654743767313019,0.654743767313019
0.687396121883657,0.684695290858726,0.659106648199446,0.5,0.555436288088642,0.704432132963989,0.661149584487536,0.661149584487536,0.555436288088642,0.659106648199446,0.659106648199446
0.656682825484764,0.681094182825485,0.63781163434903,0.5,0.5,0.657479224376731,0.63781163434903,0.63781163434903,0.5,0.63781163434903,0.63781163434903
0.678462603878118,0.659314404432132,0.645914127423822,0.5,0.5,0.702908587257618,0.645914127423822,0.645914127423822,0.5,0.645914127423822,0.645914127423822
